,,,,,,,,,,,,,,,,,,,,,,,,,,,,,,,,,,
Theme: Economy & Prices,,,,,,,,,,,,,,,,,,,,,,,,,,,,,,,,,,
"Subject: Labour, Employment, Wages and Productivity",,,,,,,,,,,,,,,,,,,,,,,,,,,,,,,,,,
Topic: Employment,,,,,,,,,,,,,,,,,,,,,,,,,,,,,,,,,,
"Table Title: Changes In Employment By Sector, (Compared To The Previous Period), Annual",,,,,,,,,,,,,,,,,,,,,,,,,,,,,,,,,,
,,,,,,,,,,,,,,,,,,,,,,,,,,,,,,,,,,
Data last updated: 18/09/2025,,,,,,,,,,,,,,,,,,,,,,,,,,,,,,,,,,
Source: MINISTRY OF MANPOWER,,,,,,,,,,,,,,,,,,,,,,,,,,,,,,,,,,
,,,,,,,,,,,,,,,,,,,,,,,,,,,,,,,,,,
,,,,,,,,,,,,,,,,,,,,,,,,,,,,,,,,,,Number
Data Series,2024 ,2023 ,2022 ,2021 ,2020 ,2019 ,2018 ,2017 ,2016 ,2015 ,2014 ,2013 ,2012 ,2011 ,2010 ,2009 ,2008 ,2007 ,2006 ,2005 ,2004 ,2003 ,2002 ,2001 ,2000 ,1999 ,1998 ,1997 ,1996 ,1995 ,1994 ,1993 ,1992 ,1991 
Total Changes In Employment,59800,96700,260300,26200,-181000,69500,45300,-3600,17100,32400,130100,136200,129100,122600,115900,37600,221600,234900,176000,113300,71400,-12900,-22900,-100,108500,39900,-23400,120300,102600,109000,72100,70800,40300,52400
  Goods Producing Industries,9800,32000,125000,1000,-88900,10100,-9400,-50000,na,na,na,na,na,na,na,na,na,na,na,na,na,na,na,na,na,na,na,na,na,na,na,na,na,na
    Manufacturing,-900,2200,33900,-2000,-37000,-2100,-2100,-11100,na,na,na,na,na,na,na,na,na,na,na,na,na,na,na,na,na,na,na,na,na,na,na,na,na,na
    Construction,11500,29200,91000,2600,-51800,12400,-7100,-38400,na,na,na,na,na,na,na,na,na,na,na,na,na,na,na,na,na,na,na,na,na,na,na,na,na,na
    Others,-900,600,100,500,-100,-200,-200,-600,na,na,na,na,na,na,na,na,na,na,na,na,na,na,na,na,na,na,na,na,na,na,na,na,na,na
  Services Producing Industries,50000,64600,135300,25200,-92100,59400,54700,46400,na,na,na,na,na,na,na,na,na,na,na,na,na,na,na,na,na,na,na,na,na,na,na,na,na,na
    Wholesale & Retail Trade,-5400,5600,9400,-9300,-22700,-4100,1800,0,na,na,na,na,na,na,na,na,na,na,na,na,na,na,na,na,na,na,na,na,na,na,na,na,na,na
      Wholesale Trade,-3400,3700,6000,-9700,-13100,-2400,3800,1500,na,na,na,na,na,na,na,na,na,na,na,na,na,na,na,na,na,na,na,na,na,na,na,na,na,na
      Retail Trade,-1900,1900,3400,400,-9600,-1700,-2000,-1500,na,na,na,na,na,na,na,na,na,na,na,na,na,na,na,na,na,na,na,na,na,na,na,na,na,na
    Transportation & Storage,3100,-200,11100,-900,-8800,2700,8200,7000,na,na,na,na,na,na,na,na,na,na,na,na,na,na,na,na,na,na,na,na,na,na,na,na,na,na
    Accommodation & Food Services,1300,5600,21000,-4300,-24900,6700,1700,4000,na,na,na,na,na,na,na,na,na,na,na,na,na,na,na,na,na,na,na,na,na,na,na,na,na,na
      Accommodation,900,2300,4300,-1700,-9100,0,-800,300,na,na,na,na,na,na,na,na,na,na,na,na,na,na,na,na,na,na,na,na,na,na,na,na,na,na
      Food & Beverage Services,400,3300,16700,-2700,-15700,6600,2500,3800,na,na,na,na,na,na,na,na,na,na,na,na,na,na,na,na,na,na,na,na,na,na,na,na,na,na
    Information & Communications,-300,-5100,14300,15200,2700,7400,8200,3800,na,na,na,na,na,na,na,na,na,na,na,na,na,na,na,na,na,na,na,na,na,na,na,na,na,na
    Financial & Insurance Services,4900,9300,13500,6800,2300,6100,7200,3700,na,na,na,na,na,na,na,na,na,na,na,na,na,na,na,na,na,na,na,na,na,na,na,na,na,na
"    Real Estate, Professional Services And Administrative & Support Services",13000,7800,18600,7800,-23100,18700,9700,10100,na,na,na,na,na,na,na,na,na,na,na,na,na,na,na,na,na,na,na,na,na,na,na,na,na,na
      Real Estate Services,3900,1800,4500,-1600,-6300,800,500,-200,na,na,na,na,na,na,na,na,na,na,na,na,na,na,na,na,na,na,na,na,na,na,na,na,na,na
      Professional Services,3200,4200,14600,6300,-2200,10800,5700,600,na,na,na,na,na,na,na,na,na,na,na,na,na,na,na,na,na,na,na,na,na,na,na,na,na,na
      Administrative & Support Services,5900,1800,-500,3100,-14600,7100,3500,9700,na,na,na,na,na,na,na,na,na,na,na,na,na,na,na,na,na,na,na,na,na,na,na,na,na,na
    Other Services Industries,33400,41600,47300,9900,-17700,21900,17900,17700,na,na,na,na,na,na,na,na,na,na,na,na,na,na,na,na,na,na,na,na,na,na,na,na,na,na
      Public Administration & Education,4500,3200,1700,2800,8200,5000,3800,1900,na,na,na,na,na,na,na,na,na,na,na,na,na,na,na,na,na,na,na,na,na,na,na,na,na,na
        Public Administration & Defence,2600,1600,-400,-100,8500,-,-,-,na,na,na,na,na,na,na,na,na,na,na,na,na,na,na,na,na,na,na,na,na,na,na,na,na,na
        Education,2000,1600,2000,2900,-300,-,-,-,na,na,na,na,na,na,na,na,na,na,na,na,na,na,na,na,na,na,na,na,na,na,na,na,na,na
      Health & Social Services,10600,10100,5900,8600,5200,6000,5700,5600,na,na,na,na,na,na,na,na,na,na,na,na,na,na,na,na,na,na,na,na,na,na,na,na,na,na
"      Arts, Entertainment & Recreation",1300,3700,10100,-2400,-13700,-,-,-,na,na,na,na,na,na,na,na,na,na,na,na,na,na,na,na,na,na,na,na,na,na,na,na,na,na
      Other Services - Others,17000,24600,29600,900,-17300,-,-,-,na,na,na,na,na,na,na,na,na,na,na,na,na,na,na,na,na,na,na,na,na,na,na,na,na,na
,,,,,,,,,,,,,,,,,,,,,,,,,,,,,,,,,,
Definitions and Footnotes:,,,,,,,,,,,,,,,,,,,,,,,,,,,,,,,,,,
"Employment change refers to the change in the number of persons who are in employment, derived by taking the difference in the employment level at the end of the reference period compared with the end of the preceding period.  A positive change refers to the additional number of persons who are in employment, while a negative change refers to the decline in number of persons in employment.  Data may not add up to the total due to rounding.  The industries are classified based on SSIC 2020 from 2009 onwards and SSIC 2005 from 2002 to 2008.  Data are revised at the industry level to reflect updates in industry classification of firms based on SSIC 2020.",,,,,,,,,,,,,,,,,,,,,,,,,,,,,,,,,,
Total Changes In Employment -> Goods Producing Industries (Number):,,,,,,,,,,,,,,,,,,,,,,,,,,,,,,,,,,
"Under Goods Producing Industries, 'Others' comprise Agriculture, Fishing, Quarrying, Utilities, Sewerage and Waste Management.",,,,,,,,,,,,,,,,,,,,,,,,,,,,,,,,,,
Total Changes In Employment -> Services Producing Industries -> Other Services Industries -> Other Services - Others (Number):,,,,,,,,,,,,,,,,,,,,,,,,,,,,,,,,,,
"Comprise Activities of membership organisations, Repair of computers, personal and household goods and vehicles, Other personal services, Activities of households as employers of domestic personnel, and Activities of extra-territorial organisations and bodies.",,,,,,,,,,,,,,,,,,,,,,,,,,,,,,,,,,
,,,,,,,,,,,,,,,,,,,,,,,,,,,,,,,,,,
Notation:,,,,,,,,,,,,,,,,,,,,,,,,,,,,,,,,,,
na   not available or not applicable,,,,,,,,,,,,,,,,,,,,,,,,,,,,,,,,,,
nec  not elsewhere classified,,,,,,,,,,,,,,,,,,,,,,,,,,,,,,,,,,
nes  not elsewhere specified,,,,,,,,,,,,,,,,,,,,,,,,,,,,,,,,,,
 -     nil or negligible or not significant,,,,,,,,,,,,,,,,,,,,,,,,,,,,,,,,,,
Notes,,,,,,,,,,,,,,,,,,,,,,,,,,,,,,,,,,
Numbers may not add up to the totals due to rounding.,,,,,,,,,,,,,,,,,,,,,,,,,,,,,,,,,,
"Data are the latest available at the time of access or download. Some statistics, particularly those for the most recent time periods, are provisional and may be subject to revision at a later date.",,,,,,,,,,,,,,,,,,,,,,,,,,,,,,,,,,
Values are shown in Singapore dollars (unless otherwise specified).,,,,,,,,,,,,,,,,,,,,,,,,,,,,,,,,,,
,,,,,,,,,,,,,,,,,,,,,,,,,,,,,,,,,,
Generated by: SingStat Table Builder,,,,,,,,,,,,,,,,,,,,,,,,,,,,,,,,,,
Date generated: 05/01/2026,,,,,,,,,,,,,,,,,,,,,,,,,,,,,,,,,,
Contact: info@singstat.gov.sg,,,,,,,,,,,,,,,,,,,,,,,,,,,,,,,,,,